Epoch,Training_Loss
1,122.14527256770484
2,37.772038458237816
